,Ativo,Passivo,Idade,Sexo,Idade início fumo,Frequência,Sintomas Ativo,Irritabilidade,Fadiga,Ansiedade,Distúrbios de sono,Dificuldade para se concentrar,Frustração,Impaciência,Deseja parar de fumar,Sintomas Passivo,Elevação da Pressão arterial,Problemas alérgicos,Irritação nos olhos,Cefaleia,Tosse,Acesso ao cigarro,Já pensou em fumar,Já fumou,Convívio Família,Convívio Pessoas influentes,Problemas Psicológicos,Tempo de exposição,Frequência de exposição
0,8,9,5,1,8,1,9,3,4,1,9,4,2,0,4,6,0,8,0,8,5,0,0,2,8,3,10,9,0
1,0,5,5,0,6,3,3,9,6,2,10,5,9,10,3,0,6,3,4,1,8,3,1,7,4,5,4,4,1
2,1,5,0,8,6,6,9,7,4,4,9,1,1,6,5,7,1,7,4,9,6,7,4,2,5,5,5,4,0
3,10,2,7,8,2,5,3,7,3,5,9,0,4,4,10,10,0,3,6,1,6,5,4,7,4,9,9,4,3
4,2,5,6,6,7,5,3,10,6,4,0,4,3,7,5,5,4,2,2,10,5,1,0,7,3,5,7,7,0
5,4,7,3,7,4,2,4,2,4,5,1,8,2,8,3,3,10,8,7,5,1,10,4,8,2,7,0,5,7
6,8,1,4,1,7,10,10,2,10,5,7,6,1,5,4,8,10,1,8,8,0,7,9,3,5,3,3,3,10
7,4,9,5,5,2,3,0,7,5,2,8,3,0,1,10,3,6,9,0,5,1,8,7,0,9,2,4,6,4
8,6,3,0,7,0,5,10,1,2,1,3,2,1,3,7,3,0,1,5,8,4,3,7,2,6,8,6,9,2
9,1,2,0,9,9,4,2,7,7,1,0,8,5,0,5,6,9,7,10,8,9,8,7,7,6,9,5,4,2
